dataset,dataset_name,delta,gamma_full,n_reduct_mean,n_reduct_std,runtime_mean,knn_mean,knn_std,svm_mean,svm_std,valid_folds
iris,Iris,0.05,1.0,3.0,0.0,0.0006030001999999923,0.9333333333333333,0.05577733510227169,0.9533333333333335,0.03399346342395189,5
iris,Iris,0.1,0.8733333333333333,4.0,0.0,0.0005942670000000039,0.9466666666666667,0.05416025603090639,0.96,0.038873012632301994,5
iris,Iris,0.15,0.7066666666666667,4.0,0.0,0.0005940333999999936,0.9466666666666667,0.05416025603090639,0.96,0.038873012632301994,5
iris,Iris,0.2,0.5266666666666666,3.4,0.4898979485566356,0.0005822916000000067,0.9466666666666667,0.05416025603090639,0.96,0.038873012632301994,5
iris,Iris,0.3,0.35333333333333333,3.8,0.39999999999999997,0.0005832583999999974,0.9466666666666667,0.05416025603090639,0.9666666666666668,0.029814239699997188,5
wine,Wine,0.05,1.0,3.4,0.4898979485566356,0.0028733165999999867,0.903968253968254,0.04690200888974452,0.9153968253968253,0.0318869886529204,5
wine,Wine,0.1,1.0,5.0,0.0,0.004412541399999981,0.9438095238095239,0.017585410476517578,0.9604761904761905,0.022706736180631966,5
wine,Wine,0.15,1.0,6.0,0.0,0.005259741600000001,0.9438095238095239,0.03043896536094647,0.9609523809523809,0.028267341226138717,5
wine,Wine,0.2,0.9662921348314607,7.6,0.48989794855663565,0.0018345166000000024,0.9550793650793651,0.02227092169482015,0.9720634920634922,0.030430686929136003,5
wine,Wine,0.3,0.6797752808988764,12.6,0.4898979485566356,0.0015923248,0.9606349206349206,0.013879588722983607,0.9833333333333332,0.022222222222222233,5
sonar,Sonar,0.05,1.0,4.0,0.0,0.16154019179999998,0.7017421602787457,0.054379219892002485,0.7114982578397213,0.040543080484760165,5
sonar,Sonar,0.1,1.0,5.0,0.0,1.1395860502,0.7551684088269454,0.054355648867277444,0.6835075493612079,0.07503389016418695,5
sonar,Sonar,0.15,1.0,7.0,0.0,6.708397483400001,0.7742160278745646,0.04847729458033762,0.7744483159117305,0.047704803663520194,5
sonar,Sonar,0.2,0.9903846153846154,10.4,0.7999999999999999,10.7114977666,0.7692218350754937,0.041777311844421766,0.8123112659698025,0.04767765012486363,5
sonar,Sonar,0.3,0.8653846153846154,19.4,1.4966629547095764,0.09779793339999684,0.8653890824622532,0.0423048110836471,0.8222996515679443,0.05311351178649411,5
heart,Heart,0.05,1.0,6.0,0.0,0.009350241399999959,0.7361202185792349,0.0405795749376101,0.7558469945355192,0.06150821225643638,5
heart,Heart,0.1,1.0,8.2,0.4,0.00490261680000117,0.8019125683060109,0.04047922785779406,0.8447540983606558,0.04638130847257135,5
heart,Heart,0.15,0.9801980198019802,10.4,0.4898979485566356,0.0035216500000018413,0.7886338797814207,0.04639810875889018,0.8349726775956283,0.03286920449143526,5
heart,Heart,0.2,0.9636963696369637,10.8,0.9797958971132712,0.003595533200001455,0.7721311475409836,0.03449814675681165,0.8318032786885245,0.025509587386761814,5
heart,Heart,0.3,0.900990099009901,12.4,0.7999999999999999,0.0034694167999987256,0.8151912568306011,0.03538756636286378,0.8315300546448088,0.03591024674122771,5
glass,Glass,0.05,0.7336448598130841,7.2,0.39999999999999997,0.0014926997999964442,0.6868217054263566,0.03555765873234019,0.6589147286821706,0.03733827776369705,5
glass,Glass,0.1,0.4392523364485981,7.2,0.7483314773547882,0.001477991599998063,0.6866002214839424,0.04568693542577244,0.6776301218161682,0.036595823372875994,5
glass,Glass,0.15,0.32242990654205606,7.2,0.39999999999999997,0.0014691084000020282,0.6819490586932447,0.0404740316319018,0.6636766334440753,0.039480095174777935,5
glass,Glass,0.2,0.2102803738317757,7.4,0.48989794855663565,0.001479074999997465,0.6630121816168328,0.07465487463260952,0.6776301218161682,0.039440936112045334,5
glass,Glass,0.3,0.102803738317757,6.8,0.7483314773547882,0.0014686834000031013,0.6487264673311185,0.08919617871987708,0.6541528239202657,0.04034048966554295,5
ecoli,Ecoli,0.05,0.9523809523809523,5.8,0.39999999999999997,0.0025705584000036198,0.8573309920983319,0.03230379390119325,0.8692273924495171,0.0335229039987569,5
ecoli,Ecoli,0.1,0.7113095238095238,6.0,0.0,0.0025857831999985593,0.8573309920983319,0.03230379390119325,0.8721685689201053,0.028338495500571242,5
ecoli,Ecoli,0.15,0.31845238095238093,6.6,0.48989794855663565,0.0025927584000015715,0.8573309920983319,0.03230379390119325,0.8721685689201053,0.028338495500571242,5
ecoli,Ecoli,0.2,0.13392857142857142,6.8,0.39999999999999997,0.0026285832000013444,0.8573309920983319,0.03230379390119325,0.8721685689201053,0.028338495500571242,5
ecoli,Ecoli,0.3,0.02976190476190476,6.6,0.4898979485566356,0.0025759249999993015,0.8424056189640033,0.035214968537764,0.8632133450395083,0.031191300459534603,5
diabetes,Diabetes,0.05,0.9973958333333334,6.8,0.39999999999999997,0.016125558400000274,0.7161021984551397,0.026009873775283573,0.753849418555301,0.021812993016446677,5
diabetes,Diabetes,0.1,0.76953125,8.0,0.0,0.016614624799998978,0.7213649096002037,0.010910989436950328,0.7616840675664205,0.017266460774254165,5
diabetes,Diabetes,0.15,0.2825520833333333,8.0,0.0,0.016632666600000335,0.7213649096002037,0.010910989436950328,0.7616840675664205,0.017266460774254165,5
diabetes,Diabetes,0.2,0.07942708333333333,8.0,0.0,0.016685191999999915,0.7213649096002037,0.010910989436950328,0.7616840675664205,0.017266460774254165,5
diabetes,Diabetes,0.3,0.018229166666666668,7.8,0.39999999999999997,0.01641110840000124,0.7200577200577201,0.008995816572463336,0.7564553093964859,0.019387873482189632,5
australian,Australian,0.05,0.9869565217391304,10.0,0.6324555320336759,0.016347074800003726,0.8347826086956521,0.02568122485024542,0.8507246376811594,0.03538132062531508,5
australian,Australian,0.1,0.927536231884058,13.6,0.7999999999999999,0.017814783400001487,0.8289855072463768,0.013440026805066218,0.8536231884057971,0.030880109786467425,5
australian,Australian,0.15,0.8478260869565217,12.8,0.39999999999999997,0.01765665819999924,0.8362318840579711,0.0186726068503263,0.8521739130434783,0.03447935435759513,5
australian,Australian,0.2,0.7695652173913043,13.4,0.7999999999999999,0.01780240820000074,0.8304347826086957,0.011773968702370958,0.8521739130434783,0.032600643128121706,5
australian,Australian,0.3,0.636231884057971,12.8,0.7483314773547882,0.018136866600002577,0.8376811594202899,0.017511660831296506,0.8521739130434783,0.03447935435759513,5
