dataset,algorithm,fold,n_train,reduct_set,n_reduct,time_reduct_sec,time_eval_sec,knn,svm,gamma_C,valid,minimal,n_core,n_pairs,used_surrogate
iris,ccar_exact,1,120,0;1;2;3,4,0.0006240830000479036,0.0018662080000240167,1.0,1.0,0.85,True,True,4,0,False
iris,ccar_exact,2,120,0;1;2;3,4,0.000626958999987437,0.0017025839999860182,0.9666666666666667,0.9666666666666667,0.875,True,True,4,0,False
iris,ccar_exact,3,120,0;1;2;3,4,0.00061500000003889,0.0016239169999607839,0.8666666666666667,0.9,0.9666666666666667,True,True,4,0,False
iris,ccar_exact,4,120,0;1;2;3,4,0.0006057919999875594,0.0016510410000591946,1.0,1.0,0.8583333333333333,True,True,4,0,False
iris,ccar_exact,5,120,0;1;2;3,4,0.0005943749999914871,0.001595542000018213,0.9,0.9333333333333333,0.9083333333333333,True,True,4,0,False
iris,ccar_h,1,120,0;1;2;3,4,0.0005939999999782231,0.0016407919999892329,1.0,1.0,0.85,True,True,4,0,False
iris,ccar_h,2,120,0;1;2;3,4,0.0005929999999807478,0.0016032080000059068,0.9666666666666667,0.9666666666666667,0.875,True,True,4,0,False
iris,ccar_h,3,120,0;1;2;3,4,0.0006027919999951337,0.0016100419999247606,0.8666666666666667,0.9,0.9666666666666667,True,True,4,0,False
iris,ccar_h,4,120,0;1;2;3,4,0.0006172079999942071,0.002577666999968642,1.0,1.0,0.8583333333333333,True,True,4,0,False
iris,ccar_h,5,120,0;1;2;3,4,0.0005924999999251668,0.0015722080000841743,0.9,0.9333333333333333,0.9083333333333333,True,True,4,0,False
iris,ccar_surrogate,1,120,0;1;2;3,4,0.0005946659999835902,0.0015883330000860951,1.0,1.0,0.85,True,True,4,0,False
iris,ccar_surrogate,2,120,0;1;2;3,4,0.0005968750000420187,0.0015828330000431379,0.9666666666666667,0.9666666666666667,0.875,True,True,4,0,False
iris,ccar_surrogate,3,120,0;1;2;3,4,0.0006034589999899254,0.0015822499999558204,0.8666666666666667,0.9,0.9666666666666667,True,True,4,0,False
iris,ccar_surrogate,4,120,0;1;2;3,4,0.0006049170000324011,0.0016197909999391413,1.0,1.0,0.8583333333333333,True,True,4,0,False
iris,ccar_surrogate,5,120,0;1;2;3,4,0.0005826249999927313,0.0015674590000571698,0.9,0.9333333333333333,0.9083333333333333,True,True,4,0,False
iris,core_init_greedy,1,120,0;1;2;3,4,0.0005282920000126978,0.001602375000061329,1.0,1.0,0.85,True,True,4,,False
iris,core_init_greedy,2,120,0;1;2;3,4,0.0005187499999692591,0.0015899589999435193,0.9666666666666667,0.9666666666666667,0.875,True,True,4,,False
iris,core_init_greedy,3,120,0;1;2;3,4,0.00054166699999314,0.0016695000000481741,0.8666666666666667,0.9,0.9666666666666667,True,True,4,,False
iris,core_init_greedy,4,120,0;1;2;3,4,0.0005533749999813153,0.00170379199994386,1.0,1.0,0.8583333333333333,True,True,4,,False
iris,core_init_greedy,5,120,0;1;2;3,4,0.0005217079999511043,0.0015911250000044674,0.9,0.9333333333333333,0.9083333333333333,True,True,4,,False
iris,quick_reduct,1,120,0;1;2;3,4,0.0008775000000014188,0.0016366659999675903,1.0,1.0,0.85,True,True,4,,False
iris,quick_reduct,2,120,0;1;2;3,4,0.0008963330000142378,0.0015779999999949723,0.9666666666666667,0.9666666666666667,0.875,True,True,4,,False
iris,quick_reduct,3,120,0;1;2;3,4,0.0009165419999135338,0.0015902500000493092,0.8666666666666667,0.9,0.9666666666666667,True,True,4,,False
iris,quick_reduct,4,120,0;1;2;3,4,0.0009222500000305445,0.0016148749999729262,1.0,1.0,0.8583333333333333,True,True,4,,False
iris,quick_reduct,5,120,0;1;2;3,4,0.0009240409999620169,0.0015710000000126456,0.9,0.9333333333333333,0.9083333333333333,True,True,4,,False
iris,nicp,1,120,0;1;2;3,4,0.0009542500000634391,0.001619125000047461,1.0,1.0,0.85,True,True,4,,False
iris,nicp,2,120,0;1;2;3,4,0.0010064580000062051,0.0015801250000322398,0.9666666666666667,0.9666666666666667,0.875,True,True,4,,False
iris,nicp,3,120,0;1;2;3,4,0.0009607079999796042,0.001597415999981422,0.8666666666666667,0.9,0.9666666666666667,True,True,4,,False
iris,nicp,4,120,0;1;2;3,4,0.000960708000093291,0.0016404589999865493,1.0,1.0,0.8583333333333333,True,True,4,,False
iris,nicp,5,120,0;1;2;3,4,0.0009663749999617721,0.0015854579999086127,0.9,0.9333333333333333,0.9083333333333333,True,True,4,,False
iris,gbnrs,1,120,0;1;2;3,4,0.2951124170000412,0.0017147499999055071,1.0,1.0,0.85,True,True,4,,False
iris,gbnrs,2,120,0;1;2;3,4,0.38133829100002004,0.0017736249999416032,0.9666666666666667,0.9666666666666667,0.875,True,True,4,,False
iris,gbnrs,3,120,2,1,0.26162554100005764,0.001761250000072323,0.8666666666666667,0.9,0.9666666666666667,False,False,4,,False
iris,gbnrs,4,120,0;1;2;3,4,0.319868165999992,0.0017719170000418671,1.0,1.0,0.8583333333333333,True,True,4,,False
iris,gbnrs,5,120,0;1;2;3,4,0.29403212499994424,0.0017457500000546133,0.9,0.9333333333333333,0.9083333333333333,True,True,4,,False
iris,wnrs,1,120,0;1;2;3,4,0.003508083000042461,0.0016226669999923615,1.0,1.0,0.85,True,True,4,,False
iris,wnrs,2,120,0;1;2;3,4,0.0035211669999171136,0.0016110000000253422,0.9666666666666667,0.9666666666666667,0.875,True,True,4,,False
iris,wnrs,3,120,0;1;2;3,4,0.0035030839999308228,0.0016856249999364081,0.8666666666666667,0.9,0.9666666666666667,True,True,4,,False
iris,wnrs,4,120,0;1;2;3,4,0.0034797920000073645,0.0016048749999981737,1.0,1.0,0.8583333333333333,True,True,4,,False
iris,wnrs,5,120,0;1;2;3,4,0.0035338330000058704,0.0015833749999956126,0.9,0.9333333333333333,0.9083333333333333,True,True,4,,False
