n,p,n_core,gamma_C,method,n_reduct,runtime,gamma_R,valid,reduct_set
1000,54,9,0.927,CCAR-H,22,1.2102656670000003,0.927,True,0;1;2;3;4;5;7;8;9;10;12;16;17;24;26;36;42;43;44;45;46;51
1000,54,9,0.927,Core-init,22,14.764256333999999,0.927,True,0;1;2;3;4;5;7;8;9;10;12;14;17;24;26;36;42;43;44;45;46;51
1000,54,9,0.927,QuickReduct,24,11.418036917000002,0.927,True,0;1;2;3;4;5;7;8;9;10;12;14;17;22;23;24;25;26;36;42;44;45;46;51
2000,54,10,0.8645,CCAR-H,30,6.6443259999999995,0.8645,True,0;1;2;3;4;5;6;7;8;9;10;12;14;15;16;17;23;24;25;30;32;35;36;37;42;43;44;45;46;51
2000,54,10,0.8645,Core-init,30,106.25947941700001,0.8645,True,0;1;2;3;4;5;6;7;8;9;10;12;14;15;16;17;22;23;24;25;27;32;35;36;37;42;44;45;46;51
2000,54,10,0.8645,QuickReduct,37,87.56728304199999,0.8645,True,0;1;2;3;4;5;6;7;8;9;10;12;14;15;16;17;20;21;22;23;24;25;27;32;34;35;36;37;38;40;41;42;44;45;46;49;51
5000,54,10,0.7456,CCAR-H,35,61.153736041,0.7456,True,0;1;2;3;4;5;6;7;8;9;10;12;14;15;16;17;19;23;24;25;26;30;32;33;35;36;37;42;43;44;45;46;51;52;53
5000,54,10,0.7456,Core-init,35,1073.676413,0.7456,True,0;1;2;3;4;5;6;7;8;9;10;12;14;15;16;17;19;22;23;24;25;26;30;32;33;35;36;37;42;44;45;46;48;51;52
5000,54,10,0.7456,QuickReduct,36,669.4355719169998,0.7456,True,0;1;2;3;4;5;6;7;8;9;10;12;14;15;17;19;21;23;24;25;30;32;33;34;35;36;37;38;41;42;43;44;45;46;52;53
10000,54,10,0.5963,CCAR-H,37,189.84585049999987,0.5963,True,0;1;2;3;4;5;6;7;8;9;10;12;14;15;16;17;19;23;24;25;26;29;30;32;33;35;36;37;42;43;44;45;46;48;51;52;53
10000,54,10,0.5963,Core-init,37,3401.194018584,0.5963,True,0;1;2;3;4;5;6;7;8;9;10;12;14;15;16;17;19;23;24;25;26;29;30;32;33;35;36;37;42;43;44;45;46;47;51;52;53
10000,54,10,0.5963,QuickReduct,37,2027.6081109160004,0.5963,True,0;1;2;3;4;5;6;7;8;9;10;12;14;15;16;17;19;23;24;25;26;29;30;32;33;35;36;37;40;42;43;44;45;46;48;51;52
