dataset,dataset_name,n_samples,n_features,gamma_full,algorithm,algorithm_label,n_reduct_mean,n_reduct_std,runtime_mean,runtime_std,knn_mean,knn_std,svm_mean,svm_std,n_core,n_pairs,pair_ratio,used_surrogate,n_folds_surrogate,valid_reduct,n_folds_valid,n_folds_minimal,t_full_matrix,n_matrix_entries,speedup_pair_vs_full
vote,Congressional,435,16,1.0,ccar_exact,CCAR-E,7.4,0.7999999999999999,0.006727441799830558,0.0009105178912436727,0.9563218390804596,0.028527985393082444,0.9540229885057471,0.028155054514749183,6,168,0.0027824704362516147,False,0,True,5,5,,,
vote,Congressional,435,16,1.0,ccar_h,CCAR-H,7.6,0.8,0.022782658400137733,0.0004848765325692844,0.9563218390804596,0.028527985393082444,0.9563218390804599,0.025598916610712757,6,168,0.0027824704362516147,False,0,True,5,5,,,
vote,Congressional,435,16,1.0,ccar_surrogate,Surr.,7.4,0.7999999999999999,0.0066841749999184685,0.0009178021829012093,0.9563218390804596,0.028527985393082444,0.9540229885057471,0.028155054514749183,6,168,0.0027824704362516147,False,0,True,5,5,,,
vote,Congressional,435,16,1.0,core_init_greedy,Core-init,7.6,0.8,0.04166327520006234,0.02443972285343439,0.9540229885057471,0.031687468395609715,0.9563218390804599,0.025598916610712757,6,,,False,0,True,5,5,,,
vote,Congressional,435,16,1.0,quick_reduct,QuickReduct,9.4,1.019803902718557,0.07046541659992726,0.008303891728879666,0.9448275862068964,0.02943965166635794,0.9563218390804599,0.025598916610712757,6,,,False,0,True,5,1,,,
vote,Congressional,435,16,1.0,nicp,NICP,7.6,0.8,0.06679555839991735,0.011404255234636033,0.9540229885057471,0.031687468395609715,0.9563218390804599,0.025598916610712757,6,,,False,0,True,5,5,,,
vote,Congressional,435,16,1.0,gbnrs,GBNRS,15.4,1.2,1.9271246331999463,0.3087921109093059,0.9379310344827587,0.0313521418321514,0.9540229885057471,0.028155054514749183,6,,,False,0,False,4,0,,,
vote,Congressional,435,16,1.0,wnrs,WNRS,1.0,0.0,0.030413016600141417,0.0002453869689606616,0.5770114942528736,0.038740918497362574,0.6137931034482759,0.005631010902949827,6,,,False,0,False,0,0,,,
vote,Congressional,435,16,1.0,_ablation,ablation,7,0.0,0.009447999999792955,0.0,nan,0.0,nan,0.0,7,106,0.0011229408337306002,False,,True,,,0.032420416999684676,44856,3.431458192251814
