n,p,n_informative,delta,seed,algorithm,runtime,n_reduct,n_core,used_surrogate,gamma_c,gamma_r,valid_delta
400,20,10,0.1,62,ccar_e,0.1144183339999999,7,0,True,1.0,1.0,True
400,20,10,0.1,62,ccar_h,0.06858641600000004,8,0,True,1.0,1.0,True
400,20,10,0.1,62,nicp,0.10639770900000001,8,0,False,1.0,1.0,True
400,20,10,0.1,62,wang_knn,0.07024025,1,0,False,1.0,0.0125,False
400,40,10,0.1,82,ccar_e,47.60233275,7,0,True,1.0,1.0,True
400,40,10,0.1,82,ccar_h,0.11606300000000402,7,0,True,1.0,1.0,True
400,40,10,0.1,82,nicp,0.18591408399999665,7,0,False,1.0,1.0,True
400,40,10,0.1,82,wang_knn,0.12029508399999855,1,0,False,1.0,0.05,False
400,60,10,0.1,102,ccar_h,0.18443624999999741,7,0,True,1.0,1.0,True
400,60,10,0.1,102,nicp,0.28492008300000293,7,0,False,1.0,1.0,True
400,60,10,0.1,102,wang_knn,0.17338004100000148,1,0,False,1.0,0.035,False
400,80,10,0.1,122,ccar_h,0.267300917,8,0,True,1.0,1.0,True
400,80,10,0.1,122,nicp,0.3868703750000009,7,0,False,1.0,1.0,True
400,80,10,0.1,122,wang_knn,0.22443408299999845,1,0,False,1.0,0.015,False
400,100,10,0.1,142,ccar_h,0.3024899999999988,8,0,True,1.0,1.0,True
400,100,10,0.1,142,nicp,0.5943745840000005,8,0,False,1.0,1.0,True
400,100,10,0.1,142,wang_knn,0.27447058399999946,1,0,False,1.0,0.0175,False
400,150,10,0.1,192,ccar_h,0.4388024999999942,7,0,True,1.0,1.0,True
400,150,10,0.1,192,nicp,0.723830624999998,7,0,False,1.0,1.0,True
400,150,10,0.1,192,wang_knn,0.40229341700000276,1,0,False,1.0,0.0025,False
400,200,10,0.1,242,ccar_h,0.5048662089999993,7,0,True,1.0,1.0,True
400,200,10,0.1,242,nicp,0.9689075830000036,7,0,False,1.0,1.0,True
400,200,10,0.1,242,wang_knn,0.5351835000000023,1,0,False,1.0,0.05,False
